1,HOW TO BUILD A GIRL,Movie,120,70632,3/4/2021
2,Snowroller,Movie,120,0,3/3/2021
3,The Closet,Movie,120,6678894,3/1/2021
4,5 Minute,Movie,120,0,3/1/2021
5,All of Us,Movie,120,0,3/1/2021
6,The Loop,Movie,120,0,2/20/2021
7,Betty,Movie,120,0,2/15/2021
8,12 Golden Ducks,Movie,120,0,2/8/2021
9,Ghost Buddies,Movie,120,0,2/4/2021
10,Blippi,Series,30,0,2/1/2021
11,Azizs Dream,Movie,120,0,1/5/2021
12,Full Out 2: You Got This!,Movie,120,0,1/1/2021
13,My Giraffe,Movie,120,0,12/14/2020
14,De Piraten van Hiernaast,Movie,120,0,11/29/2020
15,Paw Patrol: Jet to the Rescue,Movie,60,0,11/28/2020
16,Bookmarks,Series,30,0,9/1/2020
17,Luccas Neto em: O Hotel Magico,Movie,120,0,8/7/2020
18,The Dog Who Saved Summer,Movie,120,0,8/2/2020
19,Nureyev,Movie,120,0,1/1/2021
20,Jan Palach,Movie,120,0,11/5/2020
21,Sagan,Movie,170,0,7/3/2020
22,Wish Man,Movie,120,0,12/3/2019
23,Tee Shot: Ariya Jutanugarn,Movie,120,0,12/1/2019
24,Mallesham,Movie,170,0,11/20/2019
25,Kardec,Movie,120,0,8/29/2019
26,Maria Magdalena,Series,30,0,4/19/2019
27,Instynkt,Series,30,0,3/3/2021
28,Magic hour,Movie,120,0,2/28/2021
29,Paradoks,Series,30,0,2/10/2021
30,Prokurator,Movie,30,0,1/27/2021
31,Al acecho,Movie,120,0,1/12/2021
32,Pyromanen,Movie,120,0,12/12/2020
33,The Gulf,Movie,30,0,11/29/2020
34,Miss Hanoi,Movie,120,0,8/20/2020
35,The State-Mafia Pact,Movie,120,0,3/1/2020
36,The Swiss Family Robinson,Movie,30,0,11/30/2020
37,Million Joe,Series,30,0,8/8/2020
38,Tatu,Movie,120,0,10/17/2019
39,The Cell,Movie,170,0,6/12/2019
40,The Treasure,Movie,170,0,4/17/2019
41,Spangas In Actie,Movie,120,0,1/20/2019
42,Kibaoh Klashers,Series,30,0,7/21/2017
43,Gonjiam: Haunted Asylum,Movie,120,115252,2/28/2021
44,The Woman Who Keeps a Murderer,Movie,120,0,2/2/2021
45,The Rope Curse 2,Movie,120,0,12/30/2020
46,Pray,Movie,120,0,12/28/2020
47,Sweet Home,Series,30,0,12/18/2020
48,Silam,Movie,120,0,12/14/2020
49,The Crooked Man,Movie,120,0,12/12/2020
50,Superstition,Movie,120,0,12/12/2020
51,Its Me,Movie,120,328828874,12/11/2020
52,Sri Ayodhaya,Series,30,0,12/13/2019
53,Peasants Rebellion,Series,30,0,2/13/2019
54,Evil Genius,Series,30,0,5/11/2018
55,The Royal House of Windsor,Series,30,0,9/30/2017
56,Filinta,Series,30,0,9/23/2016
57,La Esclava Blanca,Series,30,0,8/1/2016
58,Raja Rasoi Aur Anya Kahaniyan,Series,30,0,6/1/2016
59,Sparta,Movie,120,0,11/18/2020
60,Penalty,Movie,170,0,7/5/2020
61,Lady Driver,Movie,120,0,5/2/2020
62,Bennetts War,Movie,120,1056416,5/2/2020
63,Waiting for Spring,Movie,120,0,3/13/2020
64,No Mercy,Movie,120,0,3/3/2019
65,Cricket Fever: Mumbai Indians,Series,30,0,3/1/2019
66,For the Win,Series,30,0,12/31/2018
67,Selection Day,Series,30,0,12/28/2018
68,A Guest Is Coming,Movie,120,0,3/3/2021
69,Blood Orange,Movie,120,0,2/28/2021
70,Vaterland: A Hunting Logbook,Movie,120,0,2/25/2021
71,The Dig,Movie,120,0,1/29/2021
72,Cheat,Series,30,0,1/15/2021
73,The Unbroken,Movie,170,0,1/1/2021
74,Locked,Movie,120,0,12/27/2020
75,Last Moment of Clarity,Movie,120,0,12/27/2020
76,The Ripper,Series,30,0,12/16/2020
77,Emergency Interrogation Room,Series,30,0,12/23/2020
78,The Grooms Price,Movie,30,0,12/6/2020
79,Hozukis Coolheadedness,Series,30,0,9/23/2020
80,Diamant Noir,Movie,120,0,12/27/2019
81,The CEO,Movie,120,0,9/1/2019
82,Til Death Do Us Part,Series,30,0,8/15/2019
83,Non-Core,Movie,170,0,4/25/2019
84,Zoe,Movie,120,0,7/21/2018
85,Outside In,Movie,120,0,6/1/2018
86,Love Daily,Series,30,0,2/2/2021
87,Gaya Sa Pelikula,Series,30,0,1/7/2021
88,Rose and Tulip,Movie,120,0,1/1/2021
89,Immortal Love,Series,30,0,12/12/2020
90,Romance on the Menu,Movie,120,0,12/12/2020
91,Hometown Holiday,Movie,120,0,11/16/2020
92,Christmas with a Prince,Movie,120,0,11/5/2020
93,Walk Away from Love,Movie,120,0,11/3/2020
94,A Wedding for Christmas,Movie,120,0,11/1/2020
95,ANNE+,Series,30,0,3/4/2021
96,Gleboka woda,Series,30,0,3/3/2021
97,Only a Mother,Movie,120,0,3/3/2021
98,The Simple Minded Murderer,Movie,120,0,3/3/2021
99,1939,Movie,170,0,3/3/2021
100,Repast,Movie,120,0,3/1/2021
101,When a Woman Ascends the Stairs,Movie,120,0,3/1/2021
102,Yearning,Movie,120,0,3/1/2021
103,Ginza Cosmetics,Movie,120,0,3/1/2021
